{
	"positions": [
		{
		"lat": 35.158135,
		"lng": 129.043476
		},
		{
		"lat": 35.155468,
		"lng": 129.062874
		},
		{
		"lat": 35.155889,
		"lng": 129.022877
		},
		{
		"lat": 35.185217,
		"lng": 129.065105
		},
		{
		"lat": 35.154907,
		"lng": 128.987514
		},
		{
		"lat": 35.159538,
		"lng": 129.125530
		},
		{
		"lat": 35.221125,
		"lng": 129.082271
		},
		{
		"lat": 35.159398,
		"lng": 128.984596
		},
		{
		"lat": 35.250630, 
		"lng": 129.086624
		},
		{
		"lat": 35.210304, 
		"lng": 129.211053
		},
		{
		"lat": 35.167835, 
		"lng": 129.166305
		},
		{
		"lat": 35.127636, 
		"lng": 129.084438
		},
		{
		"lat": 35.087958, 
		"lng": 129.016883
		},
		{
		"lat": 35.077327, 
		"lng": 129.068560
		}
	]
}
